weight,density,highest degree,runtime,stretch
1354,0.08,4,13,2.5555555555555554
2000,0.08666666666666667,4,15,3.4685714285714284
1564,0.08666666666666667,4,12,10.478260869565217
1484,0.08333333333333333,4,24,5.182291666666667
1306,0.08,6,12,2.295774647887324
1745,0.08333333333333333,4,12,5.0375
2435,0.09,4,12,19.0
1814,0.09,5,14,9.824742268041238
1407,0.08,4,12,4.853211009174312
1171,0.08,7,12,2.433333333333333
