weight,density,highest degree,runtime,stretch
2540,0.09,7,15,17.161290322580644
1909,0.08666666666666667,4,14,14.232876712328768
909,0.08,6,13,3.1153846153846154
1792,0.09,4,13,8.64406779661017
1535,0.09,5,15,13.52
1475,0.08333333333333333,4,12,Infinity
1830,0.08666666666666667,4,13,7.25
1931,0.08666666666666667,5,14,15.065217391304348
738,0.08,5,15,2.591549295774648
1652,0.08666666666666667,4,27,4.0
