weight,density,highest degree,runtime,stretch
2598,0.044081632653061226,5,157,Infinity
3852,0.04653061224489796,7,125,24.26829268292683
3175,0.04653061224489796,5,195,Infinity
2382,0.044081632653061226,7,202,Infinity
2562,0.044897959183673466,6,175,Infinity
4582,0.0473469387755102,6,219,46.05263157894737
2379,0.044897959183673466,5,180,42.07142857142857
2187,0.044081632653061226,7,181,11.604166666666666
3143,0.044897959183673466,5,209,Infinity
2481,0.04653061224489796,7,183,14.731707317073171
