weight,density,highest degree,runtime,stretch
2907,0.03063063063063063,6,683,Infinity
4554,0.032432432432432434,6,691,69.125
4828,0.03135135135135135,8,581,Infinity
3533,0.03063063063063063,6,595,32.689655172413794
4142,0.03027027027027027,7,844,Infinity
5116,0.03135135135135135,6,602,Infinity
3462,0.03099099099099099,6,578,76.5
6154,0.03207207207207207,7,591,41.92857142857143
3003,0.03063063063063063,6,704,Infinity
6226,0.032432432432432434,5,662,Infinity
