weight,density,highest degree,runtime,stretch,jumpstretch
4415,0.10666666666666667,7,19,Infinity,Infinity
4117,0.09666666666666666,5,21,Infinity,Infinity
5994,0.10666666666666667,5,19,Infinity,Infinity
3675,0.1,4,19,Infinity,Infinity
6542,0.12333333333333334,6,22,Infinity,Infinity
2651,0.09666666666666666,5,20,Infinity,Infinity
4499,0.1,5,18,Infinity,Infinity
6581,0.12,6,21,Infinity,Infinity
4361,0.10666666666666667,5,19,5.196078431372549,Infinity
3513,0.1,4,18,Infinity,Infinity
