weight,density,highest degree,runtime,stretch
4023,0.045714285714285714,5,151,Infinity
3787,0.045714285714285714,5,151,Infinity
4730,0.044897959183673466,5,110,15.693548387096774
2016,0.04653061224489796,6,106,32.9375
2234,0.044081632653061226,5,140,70.0
4615,0.0473469387755102,6,114,26.18840579710145
3280,0.044081632653061226,6,91,Infinity
3159,0.044081632653061226,7,94,Infinity
3806,0.045714285714285714,6,94,14.876923076923077
2764,0.044897959183673466,5,157,Infinity
