weight,density,highest degree,runtime,stretch,jumpstretch
6825,0.11666666666666667,6,21,Infinity,Infinity
5824,0.11666666666666667,6,22,Infinity,Infinity
4460,0.09666666666666666,4,19,Infinity,Infinity
6007,0.11,5,17,Infinity,Infinity
5428,0.11,5,16,Infinity,Infinity
5705,0.10333333333333333,5,18,Infinity,Infinity
6058,0.11,6,18,Infinity,Infinity
4550,0.10666666666666667,5,20,Infinity,Infinity
6795,0.11666666666666667,4,19,Infinity,Infinity
4992,0.11,5,20,Infinity,Infinity
