weight,density,highest degree,runtime,stretch,jumpstretch
4024,0.11,7,22,Infinity,Infinity
4962,0.11,6,23,Infinity,Infinity
5286,0.13,4,24,24.47826086956522,7.0
5141,0.11666666666666667,5,21,Infinity,Infinity
5143,0.12,7,22,13.427083333333334,Infinity
6093,0.11333333333333333,6,20,Infinity,Infinity
6062,0.11,6,21,Infinity,Infinity
5369,0.11666666666666667,8,23,Infinity,Infinity
4730,0.1,6,19,Infinity,Infinity
5959,0.11333333333333333,5,23,Infinity,Infinity
