weight,density,highest degree,runtime,stretch
1739,0.08666666666666667,3,11,4.393103448275862
1498,0.08,5,10,3.705263157894737
1762,0.08666666666666667,5,10,8.9375
1189,0.08666666666666667,5,13,Infinity
1393,0.08333333333333333,4,10,8.548387096774194
1684,0.08333333333333333,5,16,5.95
2307,0.08333333333333333,6,10,9.206896551724139
1959,0.08666666666666667,4,12,7.8311688311688314
1622,0.08333333333333333,4,10,25.5
1298,0.08333333333333333,4,10,Infinity
