weight,density,highest degree,runtime,stretch
3164,0.044897959183673466,5,116,Infinity
2620,0.044897959183673466,5,189,Infinity
2064,0.04326530612244898,5,162,16.193548387096776
4030,0.044897959183673466,5,120,Infinity
3733,0.045714285714285714,4,104,Infinity
3665,0.044081632653061226,5,165,53.76
3498,0.044897959183673466,5,155,19.19178082191781
2028,0.04326530612244898,5,125,47.36363636363637
2255,0.04326530612244898,6,120,9.792207792207792
3674,0.045714285714285714,5,184,26.857142857142858
