weight,density,highest degree,runtime,stretch
3522,0.03063063063063063,6,524,Infinity
5367,0.03099099099099099,6,593,Infinity
2464,0.02990990990990991,5,582,Infinity
3264,0.03063063063063063,5,591,21.694444444444443
3910,0.03099099099099099,5,604,Infinity
2935,0.03063063063063063,7,622,42.13793103448276
3830,0.03063063063063063,5,610,Infinity
3953,0.03099099099099099,7,649,45.04545454545455
4200,0.03099099099099099,6,602,33.45945945945946
3126,0.03027027027027027,5,595,Infinity
