weight,density,highest degree,runtime,stretch
96306,0.23755102040816325,21,357,148.83333333333334
86645,0.24,23,387,207.1818181818182
81867,0.24,23,388,57.5
88156,0.2310204081632653,21,360,144.0
88158,0.2383673469387755,22,375,188.5
83915,0.23755102040816325,19,384,133.5
78010,0.23020408163265307,20,371,98.6875
85820,0.22775510204081634,23,381,71.25
85000,0.2383673469387755,22,392,51.326530612244895
101663,0.2595918367346939,25,390,80.07692307692308
