weight,density,highest degree,runtime,stretch
3119,0.044081632653061226,5,101,33.483870967741936
2883,0.044081632653061226,6,187,Infinity
4429,0.04653061224489796,6,156,26.109375
3576,0.04653061224489796,5,113,Infinity
2491,0.04653061224489796,5,196,Infinity
3376,0.04653061224489796,5,180,15.394736842105264
2872,0.044897959183673466,6,112,Infinity
4321,0.04653061224489796,5,155,33.63636363636363
2785,0.044081632653061226,6,176,Infinity
2642,0.045714285714285714,5,164,42.705882352941174
