weight,density,highest degree,runtime,stretch
4673,0.03099099099099099,5,524,Infinity
4870,0.03063063063063063,6,517,Infinity
3304,0.03063063063063063,5,526,Infinity
3406,0.03027027027027027,6,495,Infinity
5026,0.03099099099099099,6,508,Infinity
2553,0.03027027027027027,6,512,Infinity
5968,0.03135135135135135,7,535,Infinity
3407,0.03027027027027027,5,517,Infinity
6052,0.03207207207207207,6,536,95.71428571428571
3941,0.03027027027027027,6,503,Infinity
