weight,density,highest degree,runtime,stretch
3421,0.04653061224489796,5,147,535.5
1889,0.04326530612244898,5,136,33.6
2442,0.044081632653061226,4,136,Infinity
1571,0.044081632653061226,6,143,Infinity
2572,0.045714285714285714,5,142,13.702127659574469
1979,0.045714285714285714,6,143,19.96153846153846
2837,0.044081632653061226,5,135,14.98360655737705
2062,0.04326530612244898,5,141,Infinity
2328,0.04244897959183674,6,147,26.88095238095238
4502,0.04897959183673469,6,280,Infinity
