weight,density,highest degree,runtime,stretch,jumpstretch
31644,0.34,12,230,6.811023622047244,3.0
21670,0.2866666666666667,15,58,10.465753424657533,4.0
39942,0.35,12,40,6.179661016949153,4.0
37694,0.35,12,47,284.5,4.0
29578,0.30666666666666664,13,47,55.2,Infinity
38245,0.36666666666666664,13,41,92.2,3.0
24493,0.29,10,36,31.944444444444443,4.0
25912,0.3,13,42,36.8125,4.0
30941,0.3,12,36,18.6046511627907,4.0
23891,0.27,11,33,24.208333333333332,4.0
