weight,density,highest degree,runtime,stretch
4966,0.03099099099099099,5,510,Infinity
3817,0.03027027027027027,6,483,Infinity
3260,0.03099099099099099,5,498,129.0
3088,0.02990990990990991,6,480,Infinity
3488,0.031711711711711714,6,500,43.36842105263158
4418,0.03135135135135135,6,476,62.470588235294116
4168,0.03099099099099099,6,452,Infinity
4205,0.03063063063063063,6,427,Infinity
3986,0.03099099099099099,6,539,Infinity
3775,0.03027027027027027,5,432,26.84
