weight,density,highest degree,runtime,stretch
4485,0.03207207207207207,6,444,38.08
4527,0.04036036036036036,7,520,Infinity
70480,0.08108108108108109,13,712,124.86666666666666
3540,0.03927927927927928,9,521,27.833333333333332
3184,0.03423423423423423,6,459,15.095238095238095
4120,0.04108108108108108,8,526,79.0
3164,0.03495495495495495,7,476,19.571428571428573
18065,0.054414414414414414,10,605,123.0
4174,0.03855855855855856,8,515,17.8125
2992,0.03783783783783784,6,491,32.54545454545455
