weight,density,highest degree,runtime,stretch
2437,0.045714285714285714,6,158,Infinity
1218,0.04081632653061224,5,190,4.415094339622642
3809,0.044897959183673466,5,190,18.810344827586206
1824,0.044897959183673466,5,146,11.53125
3780,0.045714285714285714,5,253,47.54545454545455
1774,0.044081632653061226,5,198,30.58823529411765
1496,0.044081632653061226,6,146,Infinity
3069,0.044897959183673466,5,200,30.84375
3145,0.044897959183673466,5,255,Infinity
2970,0.04653061224489796,6,149,Infinity
