weight,density,highest degree,runtime,stretch
3643,0.03063063063063063,6,422,Infinity
4621,0.03063063063063063,6,436,Infinity
3448,0.02990990990990991,6,455,Infinity
6060,0.03099099099099099,5,451,Infinity
4641,0.03063063063063063,6,405,Infinity
5728,0.03063063063063063,6,436,74.4375
4648,0.02990990990990991,6,431,Infinity
4797,0.03027027027027027,6,427,Infinity
4058,0.03063063063063063,6,426,Infinity
3849,0.03063063063063063,5,438,62.666666666666664
