weight,density,highest degree,runtime,stretch
17847,0.25333333333333335,11,24,32.21875
15617,0.23,10,21,8.411111111111111
19143,0.25666666666666665,14,26,26.21212121212121
21971,0.28,10,35,23.8125
19784,0.24666666666666667,13,21,32.16393442622951
24054,0.27666666666666667,10,25,27.419354838709676
25075,0.27,12,23,23.5
30540,0.3233333333333333,13,28,11.920863309352518
16804,0.24666666666666667,10,27,21.09259259259259
20144,0.28,10,25,13.753623188405797
