weight,density,highest degree,runtime,stretch
1237,0.08333333333333333,4,16,4.933962264150943
1592,0.08666666666666667,4,12,4.881889763779528
1126,0.08666666666666667,4,13,49.888888888888886
1653,0.08666666666666667,4,16,Infinity
1226,0.08,6,12,3.4594594594594597
1520,0.08333333333333333,4,12,3.4728682170542635
1799,0.08666666666666667,5,12,7.791666666666667
1615,0.08666666666666667,4,14,3.8705882352941177
1496,0.08333333333333333,4,17,5.363636363636363
1362,0.08,5,11,3.4074074074074074
