weight,density,highest degree,runtime,stretch
1560,0.08333333333333333,4,14,6.0
1636,0.08333333333333333,4,24,3.74585635359116
2162,0.08333333333333333,4,13,10.38345864661654
1473,0.08666666666666667,4,30,Infinity
2008,0.08333333333333333,4,31,11.5125
1435,0.09,5,31,15.89795918367347
1998,0.08666666666666667,5,13,5.864583333333333
1486,0.08333333333333333,5,14,4.63
3287,0.09,4,13,40.354166666666664
690,0.08,5,14,5.48936170212766
