weight,density,highest degree,runtime,stretch
1503,0.08666666666666667,5,13,4.767857142857143
2014,0.08,5,13,3.3541666666666665
2361,0.08666666666666667,6,11,5.464566929133858
1939,0.08666666666666667,4,10,Infinity
2335,0.08333333333333333,5,10,8.403361344537815
1971,0.08666666666666667,4,24,13.873015873015873
1623,0.08333333333333333,6,10,3.7
2396,0.08666666666666667,4,10,3.257918552036199
1744,0.08666666666666667,4,11,Infinity
2455,0.08666666666666667,5,11,6.7979274611398965
