weight,density,highest degree,runtime,stretch,jumpstretch
5381,0.11333333333333333,5,29,Infinity,Infinity
5436,0.12333333333333334,5,27,Infinity,Infinity
5033,0.11333333333333333,5,29,Infinity,Infinity
5149,0.11333333333333333,5,27,Infinity,Infinity
5365,0.12,5,30,12.1,Infinity
4381,0.11,7,28,Infinity,Infinity
5300,0.11333333333333333,6,30,Infinity,Infinity
4374,0.11,4,29,Infinity,Infinity
6558,0.12,5,31,Infinity,Infinity
4880,0.11333333333333333,5,29,21.609375,Infinity
