weight,density,highest degree,runtime,stretch
4697,0.03063063063063063,5,437,Infinity
3239,0.02954954954954955,6,420,18.823529411764707
2954,0.03027027027027027,5,450,18.36111111111111
4490,0.03063063063063063,7,436,Infinity
2913,0.03027027027027027,6,448,Infinity
3790,0.03099099099099099,7,429,Infinity
4588,0.03135135135135135,5,450,Infinity
3432,0.03063063063063063,6,429,75.3125
6512,0.03063063063063063,6,431,Infinity
2938,0.02990990990990991,6,438,Infinity
