weight,density,highest degree,runtime,stretch
244481,0.2518918918918919,33,2304,168.9090909090909
252871,0.2562162162162162,39,2369,210.16666666666666
235568,0.2518918918918919,31,2342,3024.0
250986,0.2569369369369369,31,2377,699.0
213862,0.2363963963963964,35,2299,174.125
236493,0.25117117117117116,33,2353,384.5
217757,0.24252252252252252,34,2379,171.4
225464,0.24216216216216216,29,2246,830.0
238678,0.25225225225225223,36,2399,143.3684210526316
235806,0.24216216216216216,30,2237,321.4
