weight,density,highest degree,runtime,stretch
4279,0.03135135135135135,6,605,Infinity
4615,0.03135135135135135,5,604,Infinity
2359,0.02990990990990991,6,578,31.76923076923077
3098,0.03027027027027027,7,576,205.0
4212,0.03099099099099099,5,594,Infinity
2845,0.02990990990990991,6,581,Infinity
3922,0.03063063063063063,5,581,Infinity
4580,0.03135135135135135,6,599,Infinity
3424,0.03099099099099099,8,583,Infinity
3151,0.03099099099099099,5,580,67.75
