weight,density,highest degree,runtime,stretch
2981,0.045714285714285714,5,145,Infinity
2498,0.045714285714285714,5,142,Infinity
2451,0.045714285714285714,6,152,76.45454545454545
2038,0.04244897959183674,6,135,Infinity
1763,0.044897959183673466,6,140,13.8
1278,0.044081632653061226,6,140,12.88888888888889
3996,0.0473469387755102,5,145,Infinity
4922,0.044897959183673466,7,137,Infinity
2149,0.04326530612244898,5,140,Infinity
2261,0.044081632653061226,5,140,28.387096774193548
