weight,density,highest degree,runtime,stretch
6652,0.03207207207207207,6,418,Infinity
4480,0.03099099099099099,7,572,65.85714285714286
4289,0.03135135135135135,5,457,Infinity
5372,0.03027027027027027,5,610,Infinity
5452,0.03027027027027027,6,508,Infinity
5665,0.03099099099099099,6,518,Infinity
4861,0.03027027027027027,7,489,Infinity
5147,0.03135135135135135,5,578,Infinity
4072,0.03027027027027027,4,498,Infinity
3566,0.02990990990990991,6,500,Infinity
