weight,density,highest degree,runtime,stretch
4239,0.03099099099099099,6,582,Infinity
5738,0.03099099099099099,6,571,Infinity
4256,0.03027027027027027,5,533,Infinity
3528,0.03099099099099099,6,633,113.875
3843,0.03099099099099099,8,497,23.807692307692307
2287,0.03027027027027027,5,557,39.78947368421053
2541,0.02990990990990991,7,495,Infinity
4445,0.031711711711711714,6,509,Infinity
2952,0.03135135135135135,6,521,Infinity
3805,0.03027027027027027,6,480,Infinity
