weight,density,highest degree,runtime,stretch
6659,0.03099099099099099,5,511,Infinity
7299,0.03207207207207207,6,500,Infinity
6250,0.031711711711711714,6,517,Infinity
3410,0.03027027027027027,6,510,Infinity
6971,0.031711711711711714,6,479,Infinity
3865,0.03027027027027027,5,492,58.76
5228,0.032432432432432434,5,517,Infinity
4553,0.03063063063063063,5,495,Infinity
4376,0.03063063063063063,5,493,Infinity
4296,0.03027027027027027,5,510,29.18918918918919
