weight,density,highest degree,runtime,stretch
5437,0.03135135135135135,5,454,Infinity
3453,0.02990990990990991,7,428,Infinity
3235,0.03099099099099099,5,442,51.0
4535,0.03063063063063063,5,416,Infinity
3041,0.03027027027027027,7,472,62.25
6378,0.03135135135135135,6,435,Infinity
3894,0.03099099099099099,7,450,29.511627906976745
3850,0.03027027027027027,5,418,Infinity
3501,0.03099099099099099,6,425,27.666666666666668
4220,0.03135135135135135,7,437,27.210526315789473
