weight,density,highest degree,runtime,stretch,jumpstretch
5183,0.10666666666666667,5,17,Infinity,Infinity
6053,0.10333333333333333,5,19,Infinity,Infinity
4492,0.1,5,20,Infinity,Infinity
5767,0.11333333333333333,5,21,Infinity,Infinity
5285,0.10666666666666667,5,19,Infinity,Infinity
6819,0.11666666666666667,6,18,Infinity,Infinity
7136,0.12,6,20,Infinity,Infinity
5700,0.10666666666666667,6,19,Infinity,Infinity
3419,0.09333333333333334,5,17,Infinity,Infinity
3588,0.11,5,20,Infinity,Infinity
