weight,density,highest degree,runtime,stretch
3042,0.04653061224489796,7,96,Infinity
3738,0.044081632653061226,5,100,Infinity
3033,0.044081632653061226,4,104,Infinity
2932,0.04326530612244898,6,107,Infinity
2908,0.044897959183673466,5,113,Infinity
2117,0.04326530612244898,6,96,Infinity
3464,0.044897959183673466,5,92,26.38095238095238
3188,0.044897959183673466,5,93,51.22727272727273
6041,0.04897959183673469,5,104,Infinity
2888,0.044081632653061226,5,93,Infinity
