weight,density,highest degree,runtime,stretch
15940,0.24666666666666667,11,324,10.04040404040404
16915,0.23666666666666666,9,52,14.954545454545455
21002,0.25666666666666665,10,33,14.171875
5865,0.16666666666666666,7,44,13.242424242424242
23990,0.26666666666666666,12,27,12.394366197183098
25956,0.2733333333333333,11,26,64.22727272727273
23560,0.3,12,22,19.692307692307693
22899,0.2633333333333333,11,26,13.212389380530974
27150,0.3,11,39,7.94017094017094
16688,0.25,10,35,14.333333333333334
