weight,density,highest degree,runtime,stretch
2438,0.04653061224489796,6,96,Infinity
3138,0.044081632653061226,6,143,26.866666666666667
3494,0.045714285714285714,5,157,48.32258064516129
2170,0.04326530612244898,5,145,Infinity
1716,0.04163265306122449,6,152,Infinity
2730,0.045714285714285714,6,146,13.869565217391305
2238,0.044081632653061226,5,172,6.946666666666666
3968,0.045714285714285714,6,160,31.79310344827586
3040,0.045714285714285714,6,122,Infinity
3547,0.04816326530612245,7,152,83.6
