weight,density,highest degree,runtime,stretch
3465,0.03027027027027027,5,430,Infinity
4004,0.03027027027027027,5,424,Infinity
3093,0.02990990990990991,6,370,Infinity
4209,0.03027027027027027,6,418,Infinity
4717,0.03027027027027027,6,419,Infinity
5478,0.031711711711711714,7,409,Infinity
5483,0.03063063063063063,6,407,Infinity
2406,0.02954954954954955,5,415,Infinity
4183,0.03063063063063063,5,382,Infinity
3021,0.02954954954954955,6,455,Infinity
