weight,density,highest degree,runtime,stretch
3742,0.044897959183673466,5,144,24.0
3227,0.045714285714285714,6,148,16.25531914893617
3615,0.044897959183673466,6,145,34.67213114754098
4353,0.045714285714285714,5,151,43.75
2420,0.045714285714285714,6,152,Infinity
3768,0.044897959183673466,5,138,Infinity
2800,0.045714285714285714,5,145,34.266666666666666
4173,0.04653061224489796,5,149,45.77777777777778
4016,0.04653061224489796,6,159,64.5
4307,0.04653061224489796,5,143,Infinity
