weight,density,highest degree,runtime,stretch
1683,0.08666666666666667,5,10,5.84
1382,0.08333333333333333,4,9,Infinity
2854,0.08666666666666667,4,10,10.401515151515152
2794,0.08666666666666667,5,8,Infinity
2765,0.08666666666666667,5,9,6.818181818181818
1453,0.08,5,9,3.567901234567901
2439,0.08333333333333333,4,11,7.73394495412844
1360,0.08,4,9,2.423841059602649
1464,0.08333333333333333,4,9,Infinity
2119,0.08333333333333333,4,15,2.854961832061069
