weight,density,highest degree,runtime,stretch
2631,0.037477477477477476,8,581,16.2
2275,0.0363963963963964,6,616,83.0
2646,0.036036036036036036,6,546,22.153846153846153
3621,0.04,9,598,14.5
2068,0.03495495495495495,6,541,18.16
3033,0.0381981981981982,6,590,82.0
3074,0.03855855855855856,7,589,16.428571428571427
2959,0.03891891891891892,6,576,13.8125
2775,0.03783783783783784,7,574,19.5
3747,0.03891891891891892,7,579,15.86
