weight,density,highest degree,runtime,stretch
3094,0.03027027027027027,5,619,55.38095238095238
2812,0.03063063063063063,6,642,Infinity
2151,0.03027027027027027,5,609,45.875
3722,0.03135135135135135,6,622,Infinity
6371,0.03099099099099099,6,597,Infinity
3442,0.03063063063063063,5,621,Infinity
3156,0.031711711711711714,6,629,38.857142857142854
4611,0.03135135135135135,6,614,Infinity
3513,0.03099099099099099,5,617,Infinity
2436,0.03063063063063063,6,609,Infinity
