weight,density,highest degree,runtime,stretch
3952,0.03063063063063063,5,529,Infinity
3368,0.02990990990990991,6,511,31.52173913043478
2667,0.03027027027027027,5,501,23.68
4530,0.03063063063063063,5,528,Infinity
6032,0.03207207207207207,6,509,Infinity
5278,0.03135135135135135,6,506,Infinity
3558,0.03063063063063063,6,505,46.61538461538461
4078,0.03099099099099099,6,524,Infinity
4487,0.03027027027027027,5,493,Infinity
3964,0.03099099099099099,5,501,Infinity
