weight,density,highest degree,runtime,stretch
6850,0.031711711711711714,5,603,Infinity
2101,0.03099099099099099,7,602,7.269230769230769
4185,0.031711711711711714,8,603,Infinity
3853,0.03099099099099099,8,580,Infinity
3179,0.031711711711711714,6,581,Infinity
3530,0.03063063063063063,6,588,Infinity
3471,0.03207207207207207,5,576,Infinity
3028,0.03027027027027027,5,571,Infinity
2047,0.03027027027027027,6,553,17.2
4153,0.031711711711711714,8,582,54.0
