weight,density,highest degree,runtime,stretch
4251,0.03135135135135135,6,671,265.3333333333333
4307,0.031711711711711714,5,646,Infinity
4325,0.03099099099099099,6,621,Infinity
2796,0.03135135135135135,6,655,73.8
3101,0.03207207207207207,6,648,Infinity
2202,0.03063063063063063,6,650,Infinity
2308,0.03099099099099099,5,644,39.9
3996,0.032432432432432434,6,647,60.59090909090909
1913,0.03027027027027027,6,653,22.482758620689655
3519,0.03207207207207207,7,656,48.5
