weight,density,highest degree,runtime,stretch
3127,0.03135135135135135,7,372,66.6923076923077
7040,0.03207207207207207,5,373,Infinity
4036,0.03063063063063063,6,374,16.885714285714286
3214,0.03027027027027027,5,505,Infinity
5055,0.03099099099099099,6,464,Infinity
7403,0.031711711711711714,5,456,49.38461538461539
4225,0.03027027027027027,7,379,Infinity
3818,0.03063063063063063,6,349,Infinity
3192,0.03063063063063063,6,427,Infinity
6964,0.03135135135135135,6,477,Infinity
