weight,density,highest degree,runtime,stretch
3308,0.03099099099099099,5,411,39.794871794871796
3477,0.03063063063063063,7,527,55.5
4565,0.03063063063063063,5,480,Infinity
3895,0.03063063063063063,6,468,31.95
3019,0.03099099099099099,6,420,Infinity
2765,0.02990990990990991,5,454,Infinity
2949,0.03063063063063063,5,419,Infinity
4029,0.03063063063063063,5,616,Infinity
2225,0.03027027027027027,5,509,16.833333333333332
3388,0.03135135135135135,6,495,Infinity
