weight,density,highest degree,runtime,stretch
2609,0.02990990990990991,6,596,22.7
5719,0.03207207207207207,6,636,Infinity
3276,0.03099099099099099,5,623,Infinity
3267,0.03063063063063063,5,686,32.523809523809526
3364,0.03063063063063063,9,715,21.463414634146343
3813,0.03099099099099099,4,667,Infinity
2693,0.03027027027027027,5,655,120.0
2476,0.03027027027027027,5,682,32.6
2115,0.03063063063063063,6,675,20.09090909090909
3142,0.03063063063063063,5,688,Infinity
