weight,density,highest degree,runtime,stretch
3578,0.0473469387755102,7,90,18.31111111111111
2416,0.04326530612244898,5,97,Infinity
4679,0.0473469387755102,5,93,25.862068965517242
2053,0.044081632653061226,5,144,8.0
4479,0.04653061224489796,6,144,59.370370370370374
2782,0.044081632653061226,4,95,Infinity
3130,0.044081632653061226,5,147,27.333333333333332
4356,0.04653061224489796,5,161,Infinity
3635,0.044081632653061226,6,132,25.5
4475,0.04653061224489796,5,100,13.746268656716419
