weight,density,highest degree,runtime,stretch
7467,0.03207207207207207,6,485,Infinity
2463,0.03027027027027027,8,567,26.454545454545453
4820,0.03099099099099099,7,558,62.388888888888886
2946,0.03063063063063063,6,590,Infinity
3685,0.03027027027027027,5,590,Infinity
4423,0.031711711711711714,6,592,235.5
4393,0.03063063063063063,5,544,Infinity
5372,0.03135135135135135,6,572,Infinity
4366,0.03027027027027027,7,533,Infinity
3673,0.03135135135135135,6,560,297.5
