weight,density,highest degree,runtime,stretch,jumpstretch
4873,0.11333333333333333,6,29,20.96153846153846,Infinity
4159,0.11,5,30,48.6,Infinity
4049,0.11666666666666667,7,29,Infinity,Infinity
5366,0.12,7,26,Infinity,Infinity
8417,0.12666666666666668,6,29,Infinity,Infinity
6900,0.12666666666666668,7,29,41.0,Infinity
5850,0.11666666666666667,6,29,Infinity,Infinity
3360,0.10666666666666667,5,29,Infinity,Infinity
6980,0.11666666666666667,6,30,Infinity,Infinity
6192,0.12,7,29,Infinity,Infinity
