weight,density,highest degree,runtime,stretch,jumpstretch
3456,0.10666666666666667,5,24,Infinity,Infinity
6781,0.10666666666666667,5,24,Infinity,Infinity
5652,0.11333333333333333,6,28,Infinity,Infinity
5779,0.11666666666666667,6,28,Infinity,Infinity
4362,0.10333333333333333,6,24,20.8,Infinity
8539,0.12333333333333334,5,26,Infinity,Infinity
3502,0.10666666666666667,5,25,Infinity,Infinity
5102,0.11,7,27,Infinity,Infinity
4646,0.11,5,23,Infinity,Infinity
6901,0.12333333333333334,5,26,Infinity,7.0
