weight,density,highest degree,runtime,stretch
3220,0.045714285714285714,6,96,18.97826086956522
2214,0.044897959183673466,5,94,9.842105263157896
3052,0.044081632653061226,5,98,Infinity
2614,0.044081632653061226,6,106,15.392857142857142
3689,0.045714285714285714,5,91,37.8
1817,0.044081632653061226,7,102,19.357142857142858
4558,0.04653061224489796,6,93,67.3
4569,0.045714285714285714,5,104,28.80597014925373
2755,0.044081632653061226,4,92,28.475
3273,0.045714285714285714,5,98,19.692307692307693
