weight,density,highest degree,runtime,stretch
4389,0.03063063063063063,6,397,Infinity
3473,0.03063063063063063,6,404,17.525
3508,0.03027027027027027,5,385,Infinity
5183,0.03099099099099099,5,377,53.172413793103445
3945,0.02954954954954955,5,389,Infinity
4048,0.03099099099099099,6,393,108.5
4896,0.03099099099099099,6,406,Infinity
3662,0.02990990990990991,6,391,Infinity
5134,0.03063063063063063,5,372,Infinity
4272,0.03135135135135135,5,380,57.32
