weight,density,highest degree,runtime,stretch
3700,0.09333333333333334,4,12,27.743243243243242
1852,0.08666666666666667,4,21,4.9
1282,0.08,5,14,3.25
2096,0.08333333333333333,5,11,6.878787878787879
2539,0.08666666666666667,4,10,Infinity
1895,0.08666666666666667,5,10,6.0588235294117645
1428,0.08333333333333333,4,10,3.2941176470588234
1072,0.08,4,9,Infinity
2738,0.08666666666666667,5,10,8.41304347826087
1679,0.08666666666666667,4,9,5.2368421052631575
