weight,density,highest degree,runtime,stretch
34436,0.4266666666666667,20,24,18.741935483870968
39866,0.44,17,29,22.474358974358974
41089,0.4266666666666667,21,22,8.169491525423728
39127,0.44666666666666666,18,25,26.51063829787234
31125,0.39,22,26,12.01123595505618
41758,0.44333333333333336,17,21,9.173913043478262
44076,0.45,18,24,11.022222222222222
34897,0.41,22,26,10.043478260869565
34820,0.4,17,24,11.7265625
39239,0.45666666666666667,21,25,7.464285714285714
