weight,density,highest degree,runtime,stretch
27528,0.33,14,10,45.75757575757576
33982,0.3566666666666667,16,10,11.794642857142858
26460,0.31666666666666665,16,12,38.51851851851852
25471,0.33,16,9,11.75
24835,0.33,19,20,23.466666666666665
31350,0.35333333333333333,16,11,9.714285714285714
24589,0.30666666666666664,14,10,17.291666666666668
29452,0.32666666666666666,17,10,9.402877697841726
32874,0.3566666666666667,14,14,70.93333333333334
34626,0.36333333333333334,15,11,7.877005347593583
