weight,density,highest degree,runtime,stretch,jumpstretch
45876,0.43333333333333335,16,22,31.0,2.0
62703,0.48,19,28,6.669421487603306,3.0
53922,0.45,16,28,69.44444444444444,3.0
53562,0.49666666666666665,20,30,5.530364372469635,3.0
52203,0.45666666666666667,16,26,8.210191082802547,3.0
55437,0.5,16,23,19.59722222222222,4.0
40467,0.45,15,29,24.54,4.0
58573,0.5,19,27,29.2,2.0
54085,0.48,15,29,71.42857142857143,3.0
59814,0.5,18,29,14.129411764705882,2.0
