weight,density,highest degree,runtime,stretch
113455,0.20036036036036037,39,264,81.66666666666667
107333,0.19603603603603603,41,293,50.8
103823,0.19495495495495496,44,282,58.8
103682,0.1927927927927928,45,269,57.333333333333336
107757,0.19135135135135134,38,276,102.25
119561,0.2082882882882883,47,267,136.0
101721,0.18666666666666668,32,280,133.0
126073,0.2082882882882883,52,269,90.8125
95129,0.18306306306306305,42,287,112.77777777777777
116780,0.1981981981981982,53,275,71.07142857142857
