weight,density,highest degree,runtime,stretch
37131,0.42,19,35,15.820512820512821
32821,0.4,20,22,18.833333333333332
32986,0.41,22,20,14.25
36659,0.42333333333333334,20,21,227.0
37520,0.39666666666666667,19,25,21.316666666666666
39400,0.41,16,19,16.821782178217823
36269,0.39,24,22,42.3
42513,0.44,19,24,8.81547619047619
31786,0.4,18,22,55.54545454545455
28214,0.4,17,21,8.184357541899441
