weight,density,highest degree,runtime,stretch,jumpstretch
42506,0.47333333333333333,21,36,24.64,4.0
56548,0.5333333333333333,18,46,37.0,2.0
46012,0.51,21,41,12.0,3.0
50584,0.5566666666666666,21,49,78.75,3.0
51663,0.5166666666666667,20,37,6.639705882352941,3.0
48956,0.53,24,39,12.181818181818182,2.0
37422,0.48,18,38,15.973333333333333,3.0
47684,0.5166666666666667,22,42,25.473684210526315,4.0
55785,0.5533333333333333,22,47,27.941176470588236,2.0
59541,0.57,21,48,12.92156862745098,3.0
