weight,density,highest degree,runtime,stretch,jumpstretch
36867,0.4033333333333333,15,19,25.482142857142858,3.0
37356,0.38333333333333336,18,15,18.6,4.0
42597,0.42,21,16,20.666666666666668,3.0
39686,0.44,17,16,8.079470198675496,4.0
44621,0.4266666666666667,16,16,23.26086956521739,4.0
39346,0.42,16,17,7.644736842105263,4.0
41645,0.42,16,16,9.481012658227849,4.0
46051,0.44333333333333336,19,17,8.534883720930232,3.0
45141,0.44,20,16,13.883720930232558,4.0
38312,0.41,19,16,7.463414634146342,3.0
