weight,density,highest degree,runtime,stretch
153614,0.25405405405405407,57,622,61.529411764705884
161171,0.2562162162162162,51,618,92.75
152948,0.2562162162162162,44,570,102.875
134077,0.2281081081081081,38,533,224.8
156812,0.25117117117117116,45,561,116.6
142332,0.23423423423423423,53,551,131.5
127765,0.23531531531531533,52,576,200.0
144475,0.24504504504504504,46,581,43.55555555555556
141242,0.23423423423423423,57,569,76.66666666666667
145409,0.24468468468468468,52,594,289.5
