weight,density,highest degree,runtime,stretch
99957,0.218018018018018,55,642,193.6
102249,0.21837837837837837,53,613,54.5
105085,0.22522522522522523,53,655,63.0
86432,0.20684684684684684,51,589,95.2
100356,0.22162162162162163,55,594,636.0
91137,0.21477477477477477,40,640,172.4
105843,0.22306306306306306,56,637,99.06666666666666
89271,0.21117117117117118,43,564,405.0
89170,0.21693693693693694,45,574,39.0
93601,0.21945945945945947,38,671,68.42857142857143
