weight,density,highest degree,runtime,stretch
119623,0.3240816326530612,33,131,54.54838709677419
94574,0.28653061224489795,36,144,32.38095238095238
106939,0.30448979591836733,32,207,41.03846153846154
93560,0.27918367346938777,28,171,47.65
102110,0.2946938775510204,28,127,68.5
97079,0.29306122448979594,33,142,35.02439024390244
115475,0.3159183673469388,34,119,45.166666666666664
124506,0.3240816326530612,32,192,43.125
105691,0.29959183673469386,31,166,49.25
116355,0.32,30,150,11.777777777777779
