weight,density,highest degree,runtime,stretch
61920,0.2506122448979592,33,94,64.8
56825,0.24653061224489795,33,92,45.95
59245,0.2522448979591837,29,96,18.967741935483872
54739,0.24,32,94,31.88888888888889
60521,0.24816326530612245,38,94,88.8
55491,0.25387755102040815,34,92,40.72727272727273
62774,0.24571428571428572,33,96,21.5
54271,0.24081632653061225,33,96,78.16666666666667
61980,0.2473469387755102,30,92,19.21951219512195
52594,0.23755102040816325,26,90,40.375
