weight,density,highest degree,runtime,stretch
22767,0.30333333333333334,12,69,27.975
25711,0.32,14,19,30.8
29625,0.3466666666666667,18,17,9.367088607594937
31361,0.33666666666666667,16,14,8.882882882882884
30052,0.30666666666666664,16,9,11.169398907103826
25201,0.30666666666666664,18,14,25.73913043478261
33949,0.3233333333333333,15,15,13.954545454545455
26836,0.3233333333333333,16,10,8.286486486486487
29399,0.32666666666666666,16,10,9.6
20577,0.2733333333333333,19,21,14.694444444444445
