weight,density,highest degree,runtime,stretch
28039,0.3933333333333333,24,32,30.210526315789473
31825,0.42333333333333334,24,29,44.375
31797,0.4066666666666667,22,26,16.256410256410255
30828,0.41333333333333333,19,30,12.008928571428571
37085,0.43333333333333335,24,30,19.4
37501,0.44,20,31,5.2844827586206895
38575,0.43,21,26,14.6
42507,0.48333333333333334,21,32,15.10126582278481
40901,0.47,20,35,10.604166666666666
35104,0.4166666666666667,19,29,35.35
