weight,density,highest degree,runtime,stretch
132040,0.21513513513513513,43,325,134.55555555555554
113140,0.19783783783783784,39,309,71.18181818181819
128949,0.21693693693693694,41,294,144.42857142857142
116274,0.20432432432432432,38,331,181.0
113674,0.20252252252252254,50,416,101.75
116889,0.20396396396396396,38,322,81.23529411764706
149292,0.22918918918918918,39,329,166.0
137323,0.22306306306306306,41,318,66.0
119043,0.2036036036036036,49,336,248.0
138165,0.21981981981981982,43,304,55.0
