weight,density,highest degree,runtime,stretch
112531,0.22990990990990992,53,596,100.05882352941177
134457,0.23783783783783785,50,605,73.05882352941177
113803,0.22882882882882882,51,657,115.5
125754,0.24,53,579,36.8125
114252,0.22774774774774775,56,564,109.7
128755,0.2436036036036036,56,646,60.0
124438,0.24288288288288287,44,586,61.25
134008,0.23351351351351352,63,644,65.7
122014,0.22882882882882882,55,666,61.142857142857146
123003,0.22918918918918918,48,704,120.72727272727273
