weight,density,highest degree,runtime,stretch
20117,0.31,16,12,12.716535433070867
21628,0.3333333333333333,14,12,52.72727272727273
20976,0.32666666666666666,20,13,13.903225806451612
20600,0.34,17,16,14.195121951219512
25743,0.36,19,12,16.782608695652176
23614,0.3333333333333333,21,14,17.681159420289855
30079,0.38,20,12,8.372340425531915
25809,0.37666666666666665,22,14,10.49056603773585
17045,0.30666666666666664,19,13,15.94915254237288
22095,0.3233333333333333,19,12,10.606060606060606
