weight,density,highest degree,runtime,stretch
29278,0.38666666666666666,20,15,8.798319327731093
34049,0.3933333333333333,18,21,12.096774193548388
34123,0.3933333333333333,18,15,34.035714285714285
24339,0.34,20,13,14.258823529411766
38125,0.41,18,14,50.875
27083,0.35333333333333333,19,14,21.0
35350,0.4266666666666667,18,16,18.16
25653,0.3466666666666667,19,15,33.5
32787,0.38,14,17,37.282051282051285
27953,0.3566666666666667,20,14,24.205882352941178
