weight,density,highest degree,runtime,stretch
35300,0.39,13,13,12.242990654205608
28500,0.35,14,13,11.536585365853659
32235,0.3466666666666667,14,11,14.168831168831169
40839,0.3933333333333333,17,11,8.619047619047619
35788,0.35,15,9,34.0
33672,0.37333333333333335,17,11,18.37878787878788
32848,0.3566666666666667,18,9,20.441176470588236
33045,0.3466666666666667,13,12,44.333333333333336
34185,0.4,14,12,9.51923076923077
50307,0.41,16,12,25.34090909090909
