weight,density,highest degree,runtime,stretch
130056,0.22378378378378377,43,438,74.22222222222223
110445,0.20972972972972972,50,443,47.6
113600,0.2172972972972973,44,445,55.0
119813,0.21765765765765765,51,441,30.15909090909091
121145,0.22918918918918918,54,465,81.9090909090909
109387,0.2126126126126126,55,432,45.4
99623,0.20396396396396396,35,393,145.75
113417,0.21333333333333335,44,409,88.6875
122056,0.21441441441441442,41,397,100.95238095238095
108379,0.20684684684684684,45,374,87.125
