weight,density,highest degree,runtime,stretch
74619,0.19171171171171172,45,418,Infinity
73185,0.1809009009009009,49,425,56.36363636363637
73197,0.19243243243243244,47,428,139.5
69107,0.18486486486486486,45,435,76.83333333333333
76524,0.1899099099099099,46,419,55.92307692307692
66184,0.1827027027027027,47,422,54.69230769230769
72486,0.1891891891891892,46,422,116.8
69459,0.18306306306306305,49,419,79.0
65328,0.17477477477477477,48,428,61.4
67689,0.18162162162162163,48,427,69.29411764705883
