weight,density,highest degree,runtime,stretch
111909,0.3355102040816327,35,166,58.0
85427,0.2897959183673469,41,245,43.5
107011,0.3159183673469388,35,164,348.3333333333333
94470,0.2922448979591837,33,146,31.714285714285715
102425,0.31020408163265306,37,153,39.34615384615385
90864,0.3036734693877551,36,187,50.51428571428571
83852,0.2897959183673469,36,147,Infinity
108045,0.31755102040816324,37,215,15.0
112944,0.3289795918367347,30,274,21.96153846153846
104956,0.32653061224489793,35,190,77.4
