weight,density,highest degree,runtime,stretch
20595,0.29,19,11,15.805970149253731
20667,0.31666666666666665,17,11,12.0
19640,0.3333333333333333,19,12,14.08695652173913
21462,0.31,21,11,8.711340206185566
21369,0.33,19,11,21.6
25333,0.3233333333333333,18,11,12.59375
20967,0.31666666666666665,14,11,17.10144927536232
28043,0.33,18,11,11.35483870967742
28883,0.35333333333333333,18,11,33.774193548387096
19346,0.31666666666666665,19,11,10.342465753424657
