weight,density,highest degree,runtime,stretch
92470,0.21837837837837837,49,568,274.0
90052,0.21297297297297296,49,567,85.18181818181819
91391,0.21477477477477477,46,526,101.84615384615384
85193,0.20324324324324325,53,526,75.83333333333333
78002,0.2064864864864865,41,517,95.0
80847,0.19495495495495496,39,550,Infinity
88069,0.2072072072072072,41,541,81.6
86878,0.20252252252252254,53,523,109.125
82824,0.2,54,502,43.0
85838,0.21153153153153154,54,535,97.85714285714286
