weight,density,highest degree,runtime,stretch
33657,0.37666666666666665,16,18,17.48611111111111
33648,0.3933333333333333,18,23,14.435483870967742
27742,0.36666666666666664,19,19,20.477272727272727
35886,0.39666666666666667,20,17,11.466666666666667
34418,0.4066666666666667,21,19,13.67605633802817
35812,0.41,19,20,8.065573770491802
32870,0.38333333333333336,20,19,39.9375
36725,0.42,20,19,13.405940594059405
32953,0.4066666666666667,21,18,36.92857142857143
35508,0.41,23,19,14.478260869565217
