weight,density,highest degree,runtime,stretch
24866,0.31666666666666665,19,10,14.409090909090908
20538,0.30333333333333334,18,11,18.61111111111111
28419,0.35,18,9,9.5
23302,0.3233333333333333,19,11,21.44
24005,0.32666666666666666,18,11,7.201342281879195
22635,0.30333333333333334,19,10,16.53731343283582
22056,0.31666666666666665,19,11,10.431034482758621
24858,0.31666666666666665,18,11,20.794871794871796
29481,0.34,19,10,16.233333333333334
29359,0.33666666666666667,18,10,8.545454545454545
