weight,density,highest degree,runtime,stretch
24063,0.37666666666666665,19,20,12.211538461538462
52449,0.47,19,35,13.78169014084507
42410,0.45666666666666667,21,24,9.733333333333333
36586,0.41333333333333333,20,17,12.421052631578947
39256,0.42333333333333334,16,24,43.0
36321,0.4,20,20,22.283185840707965
31745,0.39666666666666667,19,18,9.31578947368421
44797,0.43,17,18,12.572413793103449
32837,0.38333333333333336,20,20,24.0
34558,0.38666666666666666,19,20,15.661290322580646
