weight,density,highest degree,runtime,stretch
72154,0.3053061224489796,37,206,27.783783783783782
81382,0.30857142857142855,40,193,22.414634146341463
78988,0.3036734693877551,37,217,33.18518518518518
75650,0.30448979591836733,34,235,295.0
73506,0.2897959183673469,40,186,51.42857142857143
78212,0.3028571428571429,30,188,33.42857142857143
67332,0.28,43,261,50.1
83426,0.31265306122448977,36,211,59.5
75089,0.2922448979591837,36,181,28.5
69942,0.2897959183673469,33,176,24.22222222222222
