weight,density,highest degree,runtime,stretch
20973,0.35,17,15,9.545454545454545
30377,0.37333333333333335,19,16,16.543478260869566
24606,0.37,21,16,15.212121212121213
29759,0.36666666666666664,17,14,24.857142857142858
28803,0.3933333333333333,13,18,14.720588235294118
24981,0.36333333333333334,15,15,22.136363636363637
29536,0.37,21,17,12.89795918367347
18988,0.3233333333333333,14,15,22.678571428571427
23105,0.3466666666666667,21,14,12.15625
27650,0.37333333333333335,17,16,7.1328125
