weight,density,highest degree,runtime,stretch
71550,0.17621621621621622,44,339,Infinity
84343,0.1845045045045045,49,347,170.57142857142858
88511,0.1881081081081081,40,345,61.75
86810,0.1834234234234234,37,333,58.59090909090909
91488,0.19099099099099098,49,325,293.0
97344,0.19243243243243244,48,391,134.88888888888889
80369,0.1790990990990991,45,321,36.02173913043478
86732,0.18234234234234234,43,447,37.23684210526316
85886,0.18702702702702703,48,346,124.4
74065,0.17261261261261263,40,371,73.6
