weight,density,highest degree,runtime,stretch
39298,0.43,20,22,12.027777777777779
40252,0.42,19,23,7.322274881516588
33122,0.38333333333333336,15,21,12.653465346534654
36506,0.41333333333333333,19,19,18.114285714285714
33451,0.41333333333333333,17,22,19.444444444444443
44917,0.47333333333333333,19,28,10.294871794871796
43826,0.44,20,26,30.0
38514,0.4066666666666667,20,23,33.702127659574465
34228,0.37666666666666665,16,23,8.27450980392157
37324,0.4166666666666667,20,23,18.894736842105264
