weight,density,highest degree,runtime,stretch
34861,0.39,17,15,34.083333333333336
30096,0.36,19,13,11.345454545454546
27780,0.36,17,25,12.666666666666666
36521,0.4066666666666667,20,13,16.196428571428573
31199,0.37,18,13,83.61538461538461
36251,0.38666666666666666,14,12,8.592592592592593
37732,0.37666666666666665,21,14,42.333333333333336
30684,0.36666666666666664,20,24,9.547945205479452
37579,0.4,17,13,9.4625
33499,0.39,20,14,11.696428571428571
