weight,density,highest degree,runtime,stretch
62073,0.23673469387755103,35,77,21.175
62264,0.2253061224489796,28,72,78.1
57644,0.2236734693877551,32,71,37.0
60294,0.22612244897959183,30,72,49.23529411764706
61652,0.22612244897959183,37,73,Infinity
52361,0.2146938775510204,27,74,45.595238095238095
68829,0.23183673469387756,28,74,16.875
61028,0.22448979591836735,32,86,Infinity
56528,0.21877551020408162,28,73,27.859375
60709,0.2310204081632653,30,72,30.0
