weight,density,highest degree,runtime,stretch,jumpstretch
43097,0.4166666666666667,18,11,13.222222222222221,4.0
38728,0.42,18,12,20.692307692307693,4.0
38770,0.4,17,15,22.263157894736842,3.0
36554,0.4,18,20,49.4,4.0
40389,0.41,18,12,31.5,3.0
40130,0.41333333333333333,17,13,12.779661016949152,3.0
30839,0.38,15,20,73.3,4.0
37285,0.42,14,14,16.6875,Infinity
33752,0.36333333333333334,14,14,275.8333333333333,5.0
35460,0.3933333333333333,17,14,11.813559322033898,4.0
