weight,density,highest degree,runtime,stretch
82011,0.20468468468468468,41,404,55.07142857142857
71989,0.18594594594594593,50,417,104.8
77759,0.1935135135135135,41,409,469.0
83591,0.2036036036036036,53,398,79.125
81771,0.19135135135135134,45,416,Infinity
75824,0.18774774774774775,53,412,53.666666666666664
93000,0.20612612612612613,40,405,309.5
77218,0.19207207207207208,55,408,28.375
85847,0.20252252252252254,39,420,89.3529411764706
83711,0.20252252252252254,38,410,57.6
