weight,density,highest degree,runtime,stretch
25684,0.39,17,15,54.6
25467,0.35,16,14,15.714285714285714
27934,0.36666666666666664,15,15,24.083333333333332
30611,0.36666666666666664,16,14,16.23076923076923
28326,0.37333333333333335,18,16,16.24137931034483
30205,0.37666666666666665,16,15,11.395973154362416
26943,0.37666666666666665,15,12,23.38235294117647
30400,0.37666666666666665,19,13,8.122222222222222
26637,0.34,21,12,18.225806451612904
31062,0.36666666666666664,19,15,10.808510638297872
