weight,density,highest degree,runtime,stretch
45709,0.44,15,20,7.595744680851064
43573,0.42333333333333334,15,22,10.96694214876033
54631,0.47,18,21,7.41875
34543,0.37666666666666665,15,22,30.5
42194,0.41333333333333333,17,20,17.866666666666667
37224,0.4,15,24,59.5
43968,0.44,18,24,9.070175438596491
42475,0.41,16,20,35.529411764705884
47551,0.45,20,20,13.007462686567164
53063,0.45,17,24,6.662745098039216
